COUNTY,ELECTION_YEAR,FOOD_INSECURITY_RATE,FI_LTE_LOW_THRESHOLD_RATE,FI_BTWN_THRESHOLDS_RATE,FI_GTE_HIGH_THRESHOLD_RATE,CHILD_FOOD_INSECURITY_RATE,COST_PER_MEAL,WEIGHTED_ANNUAL_FOOD_BUDGET_SHORTFALL,VOTER_TURNOUT_RATE,PLURALITY_PARTY,COVID_INFECTION_RATE
ACCOMACK COUNTY,2020,0.12,0.71,0.12,0.17,0.2,3.02,1990000,0.7,R,12.47
ALBEMARLE COUNTY,2020,0.09,0.39,0.12,0.49,0.08,3.48,5471000,0.79,D,7.42
ALEXANDRIA CITY,2020,0.08,0.51,0.06,0.43,0.09,3.95,8986000,0.74,D,9.18
ALLEGHANY COUNTY,2020,0.15,0.56,0.13,0.31,0.2,3.16,1195000,0.75,R,14.59
AMELIA COUNTY,2020,0.09,0.49,0.18,0.33,0.12,3.26,629000,0.81,R,11.54
AMHERST COUNTY,2020,0.11,0.52,0.14,0.34,0.15,3.04,1748000,0.77,R,14.28
APPOMATTOX COUNTY,2020,0.11,0.58,0.11,0.31,0.17,3.07,877000,0.79,R,15.4
ARLINGTON COUNTY,2020,0.08,0.38,0.08,0.54,0.03,4.38,13692000,0.74,D,8.05
AUGUSTA COUNTY,2020,0.09,0.39,0.19,0.42,0.1,3.36,3862000,0.8,R,13.56
BATH COUNTY,2020,0.1,0.7,0.3,0.01,0.07,3.11,234000,0.76,R,11.88
BEDFORD COUNTY,2020,0.09,0.43,0.17,0.4,0.11,3.34,4071000,0.9,R,12.9
BLAND COUNTY,2020,0.11,0.41,0.12,0.47,0.13,2.98,351000,0.76,R,17.78
BOTETOURT COUNTY,2020,0.08,0.37,0.21,0.42,0.08,3.47,1514000,0.83,R,12.11
BRISTOL CITY,2020,0.18,0.68,0.18,0.15,0.24,3.1,1585000,0.67,R,13.63
BRUNSWICK COUNTY,2020,0.13,0.6,0.02,0.38,0.24,2.98,1066000,0.73,D,11.61
BUCHANAN COUNTY,2020,0.2,0.66,0.15,0.19,0.28,2.99,2265000,0.66,R,13.27
BUCKINGHAM COUNTY,2020,0.11,0.62,0.06,0.32,0.18,3.55,1170000,0.76,R,16.2
BUENA VISTA CITY,2020,0.15,0.65,0.17,0.18,0.2,3.16,540000,0.65,R,21.02
CAMPBELL COUNTY,2020,0.1,0.58,0.17,0.26,0.13,3.04,2927000,0.76,R,13.39
CAROLINE COUNTY,2020,0.07,0.46,0.12,0.43,0.11,3.43,1307000,0.75,R,13.46
CARROLL COUNTY,2020,0.13,0.53,0.22,0.25,0.14,3.28,2104000,0.76,R,14.4
CHARLES CITY COUNTY,2020,0.09,0.57,0.08,0.35,0.17,3.32,358000,0.79,D,10.56
CHARLOTTE COUNTY,2020,0.15,0.67,0.08,0.26,0.23,3.04,962000,0.74,R,11.67
CHARLOTTESVILLE CITY,2020,0.12,0.73,0.03,0.24,0.13,4.51,4515000,0.7,D,11.71
CHESAPEAKE CITY,2020,0.07,0.47,0.08,0.44,0.12,3.15,9362000,0.75,D,11.78
CHESTERFIELD COUNTY,2020,0.06,0.46,0.15,0.4,0.09,3.28,12212000,0.81,D,11.2
CLARKE COUNTY,2020,0.08,0.41,0.1,0.49,0.08,3.5,693000,0.8,R,9.98
COLONIAL HEIGHTS CITY,2020,0.11,0.55,0.2,0.25,0.15,3.21,1080000,0.72,R,14.56
COVINGTON CITY,2020,0.11,0.59,0.24,0.17,0.17,2.89,306000,0.69,R,13.46
CRAIG COUNTY,2020,0.11,0.37,0.12,0.52,0.11,3.18,294000,0.8,R,12.39
CULPEPER COUNTY,2020,0.08,0.47,0.2,0.33,0.08,3.1,2091000,0.78,R,12.92
CUMBERLAND COUNTY,2020,0.11,0.64,0.36,0,0.19,3.25,617000,0.74,R,7.6
DANVILLE CITY,2020,0.15,0.77,0.02,0.21,0.25,2.74,2934000,0.69,D,15.06
DICKENSON COUNTY,2020,0.2,0.65,0.18,0.17,0.26,3,1478000,0.71,R,13.02
DINWIDDIE COUNTY,2020,0.09,0.55,0.12,0.33,0.14,3.2,1449000,0.75,R,12.23
EMPORIA CITY,2020,0.17,0.9,0.1,0,0.28,2.92,450000,0.62,D,14.57
ESSEX COUNTY,2020,0.11,0.71,0.01,0.27,0.19,3.34,709000,0.76,R,12.24
FAIRFAX CITY,2020,0.06,0.46,0.09,0.45,0.03,3.26,785000,0.78,D,4.51
FAIRFAX COUNTY,2020,0.06,0.41,0.14,0.46,0.04,3.9,44251000,0.78,D,8.14
FALLS CHURCH CITY,2020,0.06,0.21,0.09,0.7,0.01,3.94,565000,0.8,D,4.79
FAUQUIER COUNTY,2020,0.06,0.34,0.09,0.56,0.06,3.78,2898000,0.81,R,10.03
FLOYD COUNTY,2020,0.1,0.49,0.32,0.19,0.1,3.14,847000,0.82,R,9.76
FLUVANNA COUNTY,2020,0.07,0.36,0.1,0.54,0.08,3.64,1083000,0.8,R,10.49
FRANKLIN CITY,2020,0.11,0.77,0.23,0,0.2,3.18,479000,0.71,D,20.35
FRANKLIN COUNTY,2020,0.11,0.54,0.16,0.3,0.15,3.09,3217000,0.78,R,11.54
FREDERICK COUNTY,2020,0.08,0.35,0.17,0.48,0.08,3.23,3559000,0.76,R,13.23
FREDERICKSBURG CITY,2020,0.13,0.58,0.42,0,0.14,3.98,2433000,0.7,D,11.21
GALAX CITY,2020,0.17,0.72,0.17,0.12,0.21,2.98,576000,0.89,R,23.59
GILES COUNTY,2020,0.11,0.46,0.19,0.34,0.13,3.19,978000,0.77,R,14.05
GLOUCESTER COUNTY,2020,0.1,0.39,0.1,0.51,0.12,2.93,1771000,0.77,R,10.23
GOOCHLAND COUNTY,2020,0.06,0.38,0.1,0.53,0.07,3.69,908000,0.85,R,8.5
GRAYSON COUNTY,2020,0.15,0.59,0.16,0.25,0.22,3.03,1183000,0.76,R,14.55
GREENE COUNTY,2020,0.08,0.5,0.3,0.19,0.08,3.49,925000,0.79,R,11.16
GREENSVILLE COUNTY,2020,0.09,0.56,0.45,0,0.21,2.99,531000,0.72,D,17.12
HALIFAX COUNTY,2020,0.11,0.62,0.1,0.27,0.16,2.9,1891000,0.75,R,11.94
HAMPTON CITY,2020,0.11,0.62,0.38,0,0.19,3.1,7597000,0.66,D,11.19
HANOVER COUNTY,2020,0.06,0.32,0.11,0.57,0.07,3.34,3789000,0.85,R,11.15
HARRISONBURG CITY,2020,0.13,0.83,0.08,0.08,0.11,3.17,3679000,0.66,D,16.23
HENRICO COUNTY,2020,0.08,0.47,0.11,0.42,0.11,3.34,15131000,0.78,D,10.55
HENRY COUNTY,2020,0.13,0.7,0.16,0.15,0.21,2.9,3360000,0.67,R,13.55
HIGHLAND COUNTY,2020,0.11,0.43,0.37,0.2,0.15,3.1,127000,0.83,R,8.47
HOPEWELL CITY,2020,0.16,0.8,0.04,0.16,0.25,3.45,2087000,0.64,D,16.02
ISLE OF WIGHT COUNTY,2020,0.09,0.48,0.09,0.43,0.13,3.49,1935000,0.79,R,11.87
JAMES CITY COUNTY,2020,0.08,0.39,0.1,0.52,0.09,4.1,4027000,0.72,D,9.28
KING AND QUEEN COUNTY,2020,0.08,0.55,0.17,0.28,0.14,3.38,335000,0,R,41.96
KING GEORGE COUNTY,2020,0.06,0.46,0.08,0.46,0.08,3.39,917000,0.77,R,7.61
KING WILLIAM COUNTY,2020,0.07,0.41,0.22,0.37,0.12,3.38,687000,0.81,R,3.69
LANCASTER COUNTY,2020,0.09,0.62,0.1,0.28,0.16,3.14,542000,0.81,R,9.85
LEE COUNTY,2020,0.19,0.64,0.16,0.2,0.25,2.92,2267000,0.65,R,17.34
LEXINGTON CITY,2020,0.17,0.42,0.04,0.55,0.15,3.18,648000,0.66,D,22.05
LOUDOUN COUNTY,2020,0.04,0.34,0.16,0.5,0.02,3.77,10094000,0.8,D,8.38
LOUISA COUNTY,2020,0.1,0.56,0.15,0.29,0.13,3.24,1960000,0.81,R,9.12
LUNENBURG COUNTY,2020,0.12,0.68,0.06,0.27,0.2,2.99,766000,0.75,R,9.98
LYNCHBURG CITY,2020,0.13,0.62,0.06,0.31,0.17,3.11,5605000,0.66,D,15.07
MADISON COUNTY,2020,0.08,0.54,0.23,0.23,0.08,3.18,587000,0.82,R,7.7
MANASSAS CITY,2020,0.06,0.61,0.26,0.13,0.06,3.27,1254000,0.73,D,12.18
MANASSAS PARK CITY,2020,0.05,0.64,0.36,0,0.06,3.39,493000,0.7,D,7.46
MARTINSVILLE CITY,2020,0.15,0.75,0.01,0.24,0.25,2.92,965000,0.68,D,0.73
MATHEWS COUNTY,2020,0.1,0.42,0.12,0.47,0.14,3.26,507000,0.82,R,10.59
MECKLENBURG COUNTY,2020,0.13,0.62,0.12,0.27,0.22,2.99,2107000,0.73,R,11.67
MIDDLESEX COUNTY,2020,0.1,0.53,0.14,0.34,0.12,3.39,586000,0.81,R,9.06
MONTGOMERY COUNTY,2020,0.12,0.7,0.06,0.24,0.1,3.39,6593000,0.71,D,12.07
NELSON COUNTY,2020,0.1,0.51,0.11,0.39,0.13,3.33,860000,0.8,R,9.64
NEW KENT COUNTY,2020,0.06,0.43,0,0.57,0.09,3.58,814000,0.83,R,11.14
NEWPORT NEWS CITY,2020,0.12,0.62,0.08,0.3,0.18,3.07,10876000,0.62,D,11.28
NORFOLK CITY,2020,0.13,0.64,0.02,0.34,0.19,3.29,17185000,0.65,D,10.45
NORTHAMPTON COUNTY,2020,0.12,0.65,0,0.34,0.22,3.27,806000,0.72,D,9.52
NORTHUMBERLAND COUNTY,2020,0.1,0.56,0.02,0.42,0.21,3.41,705000,0.79,R,10.45
NORTON CITY,2020,0.2,0.69,0.08,0.24,0.26,3.03,409000,0.65,R,17.11
NOTTOWAY COUNTY,2020,0.13,0.63,0.08,0.3,0.17,3.05,1005000,0.75,R,16.97
ORANGE COUNTY,2020,0.09,0.44,0.18,0.38,0.13,3.38,1836000,0.78,R,10.81
PAGE COUNTY,2020,0.14,0.53,0.17,0.3,0.18,3.07,1761000,0.89,R,14.8
PATRICK COUNTY,2020,0.13,0.55,0.2,0.24,0.18,3.03,1156000,0.76,R,12.65
PETERSBURG CITY,2020,0.16,0.81,0.2,0,0.28,2.92,2517000,0.62,D,15.19
PITTSYLVANIA COUNTY,2020,0.12,0.59,0.16,0.25,0.19,3.28,4138000,0.77,R,13.85
POQUOSON CITY,2020,0.07,0.39,0.08,0.52,0.08,3.14,473000,0.83,R,10.93
PORTSMOUTH CITY,2020,0.11,0.67,0.01,0.32,0.21,3.02,5495000,0.68,D,13.16
POWHATAN COUNTY,2020,0.06,0.27,0.2,0.53,0.07,3.24,982000,0.86,R,9.59
PRINCE EDWARD COUNTY,2020,0.12,0.51,0.14,0.36,0.17,2.97,1364000,0.72,D,13.68
PRINCE GEORGE COUNTY,2020,0.08,0.43,0.12,0.45,0.13,3.3,1682000,0.72,R,12.16
PRINCE WILLIAM COUNTY,2020,0.05,0.53,0.17,0.3,0.06,3.41,12835000,0.7,D,11.72
PULASKI COUNTY,2020,0.13,0.5,0.14,0.36,0.18,2.99,2342000,0.75,R,12.77
RADFORD CITY,2020,0.16,0.84,0.17,0,0.13,3.25,1534000,0.65,D,18.69
RAPPAHANNOCK COUNTY,2020,0.1,0.35,0.19,0.47,0.1,3.32,415000,0.82,R,8.38
RICHMOND CITY,2020,0.14,0.77,0.23,0,0.23,3.5,18838000,0.7,D,10.88
RICHMOND COUNTY,2020,0.11,0.62,0.38,0,0.17,3.29,540000,0.75,R,18.97
ROANOKE CITY,2020,0.13,0.67,0.08,0.25,0.19,2.93,6659000,0.67,D,12.61
ROANOKE COUNTY,2020,0.08,0.36,0.18,0.47,0.08,3.33,4362000,0.8,R,12.72
ROCKBRIDGE COUNTY,2020,0.11,0.55,0.2,0.25,0.15,3.09,1336000,0.79,R,9.86
ROCKINGHAM COUNTY,2020,0.09,0.44,0.24,0.33,0.09,3,3670000,0.81,R,11.54
RUSSELL COUNTY,2020,0.17,0.63,0.16,0.21,0.2,3.06,2458000,0.71,R,15.59
SALEM CITY,2020,0.1,0.38,0.21,0.42,0.11,3.2,1396000,0.74,R,14.34
SCOTT COUNTY,2020,0.15,0.55,0.23,0.22,0.17,2.9,1639000,0.69,R,15.59
SHENANDOAH COUNTY,2020,0.11,0.52,0.2,0.28,0.12,3.23,2635000,0.77,R,15.24
SMYTH COUNTY,2020,0.16,0.58,0.23,0.19,0.2,3.06,2608000,0.73,R,17.08
SOUTHAMPTON COUNTY,2020,0.08,0.53,0.15,0.32,0.13,3.12,789000,0.76,R,13.47
SPOTSYLVANIA COUNTY,2020,0.07,0.42,0.17,0.42,0.09,3.21,5025000,0.62,R,11.29
STAFFORD COUNTY,2020,0.05,0.35,0.21,0.44,0.06,3.37,4083000,0.76,D,10.63
STAUNTON CITY,2020,0.12,0.46,0.18,0.36,0.12,3.05,1479000,0.74,D,13.58
SUFFOLK CITY,2020,0.08,0.57,0.04,0.39,0.13,3.16,3662000,0.64,D,11.81
SURRY COUNTY,2020,0.1,0.65,0.35,0,0.18,3.17,358000,0.89,D,9.51
SUSSEX COUNTY,2020,0.1,0.57,0.01,0.42,0.18,3.25,606000,0.73,D,14.47
TAZEWELL COUNTY,2020,0.15,0.54,0.18,0.27,0.2,2.87,3106000,0.77,R,14.72
VIRGINIA BEACH CITY,2020,0.08,0.41,0.15,0.43,0.1,3.41,20286000,0.71,D,11.06
WARREN COUNTY,2020,0.1,0.4,0.19,0.41,0.12,3.15,2029000,0.62,R,12.87
WASHINGTON COUNTY,2020,0.14,0.49,0.19,0.32,0.17,3.33,4183000,0.75,R,14.66
WAYNESBORO CITY,2020,0.13,0.59,0.15,0.26,0.18,2.98,1481000,0.74,R,16.84
WESTMORELAND COUNTY,2020,0.11,0.54,0.18,0.28,0.15,3.4,1087000,0.74,R,10.56
WILLIAMSBURG CITY,2020,0.12,0.52,0.02,0.46,0.13,3.42,1070000,0.68,D,7.74
WINCHESTER CITY,2020,0.13,0.6,0.15,0.25,0.15,3.4,2126000,0.7,D,13.41
WISE COUNTY,2020,0.18,0.61,0.15,0.24,0.23,3.04,3643000,0.69,R,15.82
WYTHE COUNTY,2020,0.13,0.53,0.18,0.29,0.17,3.06,1975000,0.75,R,16.61
YORK COUNTY,2020,0.07,0.33,0.14,0.53,0.08,3.36,2754000,0.79,R,8.04
"ACCOMACK COUNTY, VIRGINIA",2019,0.13,0.7,0.18,0.12,0.19,2.96,2079000,0.48,R,0
"ALBEMARLE COUNTY, VIRGINIA",2019,0.08,0.39,0.14,0.47,0.1,3.41,5131000,0.51,D,0
"ALEXANDRIA CITY, VIRGINIA",2019,0.08,0.49,0.07,0.44,0.09,3.78,8453000,0.29,D,0
"ALLEGHANY COUNTY, VIRGINIA",2019,0.14,0.59,0.15,0.26,0.21,3.09,1093000,0.44,R,0
"AMELIA COUNTY, VIRGINIA",2019,0.1,0.52,0.21,0.27,0.16,3.2,704000,0.57,R,0
"AMHERST COUNTY, VIRGINIA",2019,0.11,0.56,0.17,0.27,0.16,2.95,1720000,0.46,R,0
"APPOMATTOX COUNTY, VIRGINIA",2019,0.11,0.63,0.07,0.3,0.17,3.02,899000,0.52,R,0
"ARLINGTON COUNTY, VIRGINIA",2019,0.07,0.37,0.09,0.54,0.04,4.38,11540000,0.34,D,0
"AUGUSTA COUNTY, VIRGINIA",2019,0.09,0.42,0.21,0.37,0.12,3.27,3505000,0.5,R,0
"BATH COUNTY, VIRGINIA",2019,0.1,0.7,0.3,0,0.12,3.05,232000,0.48,R,0
"BEDFORD COUNTY, VIRGINIA",2019,0.09,0.43,0.17,0.4,0.13,3.23,3765000,0.43,R,0
"BLAND COUNTY, VIRGINIA",2019,0.1,0.38,0.16,0.46,0.13,2.9,304000,0.43,R,0
"BOTETOURT COUNTY, VIRGINIA",2019,0.08,0.37,0.23,0.4,0.12,3.37,1523000,0.41,R,0
"BRISTOL CITY, VIRGINIA",2019,0.17,0.68,0.17,0.15,0.26,3.01,1427000,0.24,R,0
"BRUNSWICK COUNTY, VIRGINIA",2019,0.16,0.65,0.05,0.31,0.25,2.93,1312000,0.55,D,0
"BUCHANAN COUNTY, VIRGINIA",2019,0.18,0.67,0.17,0.16,0.29,2.97,2048000,0.5,R,0
"BUCKINGHAM COUNTY, VIRGINIA",2019,0.13,0.6,0.11,0.29,0.19,3.3,1262000,0.45,R,0
"BUENA VISTA CITY, VIRGINIA",2019,0.13,0.69,0.24,0.07,0.17,3.09,434000,0.36,R,0
"CAMPBELL COUNTY, VIRGINIA",2019,0.11,0.55,0.15,0.3,0.15,2.96,2907000,0.43,R,0
"CAROLINE COUNTY, VIRGINIA",2019,0.08,0.42,0.18,0.4,0.12,3.31,1416000,0.42,R,0
"CARROLL COUNTY, VIRGINIA",2019,0.12,0.55,0.2,0.25,0.17,3.24,1931000,0.45,R,0
"CHARLES CITY COUNTY, VIRGINIA",2019,0.11,0.57,0.12,0.31,0.17,3.22,430000,0.54,D,0
"CHARLOTTE COUNTY, VIRGINIA",2019,0.16,0.69,0.1,0.22,0.25,2.96,981000,0.51,R,0
"CHARLOTTESVILLE CITY, VIRGINIA",2019,0.12,0.71,0.03,0.26,0.13,4.47,4204000,0.4,D,0
"CHESAPEAKE CITY, VIRGINIA",2019,0.09,0.45,0.1,0.45,0.12,3.04,10335000,0.37,D,0
"CHESTERFIELD COUNTY, VIRGINIA",2019,0.07,0.42,0.15,0.43,0.1,3.23,13512000,0.52,D,0
"CLARKE COUNTY, VIRGINIA",2019,0.08,0.49,0.09,0.42,0.13,3.46,697000,0.49,R,0
"COLONIAL HEIGHTS CITY, VIRGINIA",2019,0.12,0.55,0.22,0.23,0.16,3.15,1075000,0.48,R,0
"COVINGTON CITY, VIRGINIA",2019,0.13,0.55,0.23,0.22,0.2,2.82,339000,0.41,R,0
"CRAIG COUNTY, VIRGINIA",2019,0.1,0.37,0.07,0.57,0.13,3.1,273000,0.54,R,0
"CULPEPER COUNTY, VIRGINIA",2019,0.08,0.48,0.19,0.33,0.1,3.06,2032000,0.47,R,0
"CUMBERLAND COUNTY, VIRGINIA",2019,0.14,0.66,0.34,0,0.22,3.17,713000,0.47,R,0
"DANVILLE CITY, VIRGINIA",2019,0.17,0.74,0.09,0.17,0.23,2.68,3174000,0.37,D,0
"DICKENSON COUNTY, VIRGINIA",2019,0.17,0.68,0.2,0.12,0.26,2.99,1302000,0.58,R,0
"DINWIDDIE COUNTY, VIRGINIA",2019,0.11,0.58,0.11,0.31,0.15,3.09,1637000,0.42,R,0
"EMPORIA CITY, VIRGINIA",2019,0.19,0.91,0.09,0,0.26,2.87,496000,0.43,D,0
"ESSEX COUNTY, VIRGINIA",2019,0.12,0.6,0.12,0.28,0.15,3.23,699000,0.45,R,0
"FAIRFAX CITY, VIRGINIA",2019,0.05,0.51,0.1,0.38,0.05,3.23,705000,0.38,D,0
"FAIRFAX COUNTY, VIRGINIA",2019,0.05,0.39,0.16,0.45,0.06,3.88,40558000,0.42,D,0
"FALLS CHURCH CITY, VIRGINIA",2019,0.05,0.19,0.08,0.73,0.02,3.92,418000,0.43,D,0
"FAUQUIER COUNTY, VIRGINIA",2019,0.06,0.34,0.11,0.55,0.08,3.73,2716000,0.46,R,0
"FLOYD COUNTY, VIRGINIA",2019,0.09,0.53,0.31,0.17,0.12,3.06,750000,0.43,R,0
"FLUVANNA COUNTY, VIRGINIA",2019,0.07,0.33,0.12,0.55,0.09,3.6,1061000,0.45,R,0
"FRANKLIN CITY, VIRGINIA",2019,0.15,0.7,0.3,0,0.18,3.09,628000,0.48,D,0
"FRANKLIN COUNTY, VIRGINIA",2019,0.11,0.54,0.17,0.3,0.18,3.02,3240000,0.48,R,0
"FREDERICK COUNTY, VIRGINIA",2019,0.07,0.37,0.21,0.43,0.09,3.2,3205000,0.42,R,0
"FREDERICKSBURG CITY, VIRGINIA",2019,0.12,0.51,0.02,0.47,0.13,3.87,2259000,0.41,D,0
"GALAX CITY, VIRGINIA",2019,0.17,0.67,0.17,0.16,0.23,2.96,550000,0.32,R,0
"GILES COUNTY, VIRGINIA",2019,0.11,0.49,0.2,0.32,0.15,3.09,921000,0.57,R,0
"GLOUCESTER COUNTY, VIRGINIA",2019,0.09,0.41,0.13,0.46,0.13,2.88,1658000,0.43,R,0
"GOOCHLAND COUNTY, VIRGINIA",2019,0.07,0.36,0.15,0.5,0.1,3.52,924000,0.59,R,0
"GRAYSON COUNTY, VIRGINIA",2019,0.14,0.6,0.23,0.18,0.23,2.96,1071000,0.51,R,0
"GREENE COUNTY, VIRGINIA",2019,0.07,0.55,0.37,0.08,0.1,3.43,831000,0.5,R,0
"GREENSVILLE COUNTY, VIRGINIA",2019,0.13,0.61,0.06,0.33,0.19,2.92,767000,0.57,D,0
"HALIFAX COUNTY, VIRGINIA",2019,0.13,0.64,0.1,0.26,0.18,2.84,2151000,0.44,R,0
"HAMPTON CITY, VIRGINIA",2019,0.13,0.62,0.03,0.35,0.18,3,8944000,0.34,D,0
"HANOVER COUNTY, VIRGINIA",2019,0.06,0.31,0.14,0.55,0.09,3.24,3536000,0.51,R,0
"HARRISONBURG CITY, VIRGINIA",2019,0.12,0.77,0.12,0.11,0.11,3.14,3304000,0.36,D,0
"HENRICO COUNTY, VIRGINIA",2019,0.09,0.46,0.11,0.44,0.12,3.27,16711000,0.49,D,0
"HENRY COUNTY, VIRGINIA",2019,0.14,0.71,0.18,0.11,0.22,2.81,3538000,0.39,R,0
"HIGHLAND COUNTY, VIRGINIA",2019,0.11,0.51,0.29,0.21,0.16,3.04,118000,0.73,R,0
"HOPEWELL CITY, VIRGINIA",2019,0.16,0.72,0.13,0.15,0.22,3.37,2067000,0.35,D,0
"ISLE OF WIGHT COUNTY, VIRGINIA",2019,0.09,0.48,0.13,0.39,0.13,3.36,1946000,0.43,R,0
"JAMES CITY COUNTY, VIRGINIA",2019,0.08,0.39,0.13,0.49,0.11,3.96,3926000,0.52,D,0
"KING AND QUEEN COUNTY, VIRGINIA",2019,0.11,0.61,0.18,0.22,0.2,3.24,428000,0.49,R,0
"KING GEORGE COUNTY, VIRGINIA",2019,0.07,0.43,0.11,0.46,0.1,3.38,1005000,0.47,R,0
"KING WILLIAM COUNTY, VIRGINIA",2019,0.08,0.43,0.21,0.36,0.15,3.24,729000,0.48,R,0
"LANCASTER COUNTY, VIRGINIA",2019,0.11,0.53,0.3,0.17,0.15,3.35,658000,0.6,R,0
"LEE COUNTY, VIRGINIA",2019,0.17,0.66,0.19,0.15,0.24,2.98,2077000,0.43,R,0
"LEXINGTON CITY, VIRGINIA",2019,0.13,0.37,0.09,0.54,0.15,3.13,493000,0.4,D,0
"LOUDOUN COUNTY, VIRGINIA",2019,0.04,0.33,0.19,0.48,0.04,3.72,9249000,0.45,D,0
"LOUISA COUNTY, VIRGINIA",2019,0.1,0.56,0.16,0.28,0.14,3.23,1971000,0.51,R,0
"LUNENBURG COUNTY, VIRGINIA",2019,0.14,0.68,0.16,0.16,0.2,2.93,837000,0.47,R,0
"LYNCHBURG CITY, VIRGINIA",2019,0.14,0.65,0.07,0.28,0.18,3.01,5632000,0.3,R,0
"MADISON COUNTY, VIRGINIA",2019,0.09,0.64,0.25,0.11,0.11,3.14,606000,0.58,R,0
"MANASSAS CITY, VIRGINIA",2019,0.06,0.52,0.31,0.18,0.07,3.19,1342000,0.41,D,0
"MANASSAS PARK CITY, VIRGINIA",2019,0.07,0.57,0.34,0.09,0.08,3.33,632000,0.35,D,0
"MARTINSVILLE CITY, VIRGINIA",2019,0.17,0.77,0.03,0.2,0.24,2.85,1091000,0.25,D,0
"MATHEWS COUNTY, VIRGINIA",2019,0.09,0.41,0.21,0.38,0.15,3.19,442000,0.53,R,0
"MECKLENBURG COUNTY, VIRGINIA",2019,0.15,0.66,0.15,0.19,0.21,2.96,2270000,0.37,R,0
"MIDDLESEX COUNTY, VIRGINIA",2019,0.09,0.48,0.2,0.32,0.12,3.28,533000,0.58,R,0
"MONTGOMERY COUNTY, VIRGINIA",2019,0.11,0.67,0.07,0.26,0.12,3.26,5686000,0.37,D,0
"NELSON COUNTY, VIRGINIA",2019,0.1,0.55,0.14,0.32,0.15,3.24,817000,0.56,R,0
"NEW KENT COUNTY, VIRGINIA",2019,0.06,0.36,0.05,0.59,0.09,2.83,594000,0.54,R,0
"NEWPORT NEWS CITY, VIRGINIA",2019,0.13,0.6,0.1,0.3,0.17,3.01,12106000,0.35,D,0
"NORFOLK CITY, VIRGINIA",2019,0.14,0.63,0.05,0.33,0.18,3.28,18999000,0.34,D,0
"NORTHAMPTON COUNTY, VIRGINIA",2019,0.14,0.69,0.03,0.28,0.21,3.16,883000,0.5,D,0
"NORTHUMBERLAND COUNTY, VIRGINIA",2019,0.11,0.57,0.11,0.32,0.19,3.33,760000,0.59,R,0
"NORTON CITY, VIRGINIA",2019,0.19,0.65,0.13,0.23,0.27,2.99,385000,0.28,R,0
"NOTTOWAY COUNTY, VIRGINIA",2019,0.15,0.68,0.09,0.23,0.17,2.96,1146000,0.52,R,0
"ORANGE COUNTY, VIRGINIA",2019,0.09,0.47,0.22,0.32,0.15,3.33,1825000,0.48,R,0
"PAGE COUNTY, VIRGINIA",2019,0.14,0.55,0.18,0.27,0.21,3.09,1730000,0.49,R,0
"PATRICK COUNTY, VIRGINIA",2019,0.13,0.62,0.17,0.22,0.23,2.95,1190000,0.4,R,0
"PETERSBURG CITY, VIRGINIA",2019,0.2,0.82,0.19,0,0.27,2.88,3099000,0.32,D,0
"PITTSYLVANIA COUNTY, VIRGINIA",2019,0.12,0.6,0.19,0.21,0.19,3.15,4042000,0.39,R,0
"POQUOSON CITY, VIRGINIA",2019,0.06,0.34,0.09,0.57,0.09,3.07,384000,0.5,R,0
"PORTSMOUTH CITY, VIRGINIA",2019,0.14,0.65,0.07,0.28,0.19,2.93,6491000,0.35,D,0
"POWHATAN COUNTY, VIRGINIA",2019,0.06,0.29,0.17,0.54,0.09,3.21,967000,0.59,R,0
"PRINCE EDWARD COUNTY, VIRGINIA",2019,0.12,0.54,0.19,0.27,0.17,2.91,1406000,0.45,D,0
"PRINCE GEORGE COUNTY, VIRGINIA",2019,0.1,0.41,0.14,0.45,0.14,3.24,2034000,0.42,R,0
"PRINCE WILLIAM COUNTY, VIRGINIA",2019,0.06,0.47,0.19,0.35,0.07,3.36,14552000,0.41,D,0
"PULASKI COUNTY, VIRGINIA",2019,0.12,0.49,0.18,0.33,0.18,2.95,2007000,0.4,R,0
"RADFORD CITY, VIRGINIA",2019,0.14,0.82,0.18,0,0.15,3.15,1269000,0.35,D,0
"RAPPAHANNOCK COUNTY, VIRGINIA",2019,0.09,0.35,0.22,0.44,0.12,3.26,369000,0.55,R,0
"RICHMOND CITY, VIRGINIA",2019,0.16,0.76,0.24,0,0.22,3.23,19346000,0.42,D,0
"RICHMOND COUNTY, VIRGINIA",2019,0.1,0.66,0.04,0.3,0.16,3.19,496000,0.47,R,0
"ROANOKE CITY, VIRGINIA",2019,0.14,0.66,0.13,0.21,0.19,2.86,6779000,0.26,D,0
"ROANOKE COUNTY, VIRGINIA",2019,0.08,0.35,0.17,0.48,0.11,3.27,4106000,0.39,R,0
"ROCKBRIDGE COUNTY, VIRGINIA",2019,0.1,0.54,0.22,0.23,0.15,3.07,1196000,0.5,R,0
"ROCKINGHAM COUNTY, VIRGINIA",2019,0.08,0.44,0.25,0.31,0.11,2.99,3392000,0.45,R,0
"RUSSELL COUNTY, VIRGINIA",2019,0.15,0.65,0.16,0.19,0.22,3.03,2136000,0.4,R,0
"SALEM CITY, VIRGINIA",2019,0.09,0.34,0.2,0.46,0.12,3.16,1250000,0.33,R,0
"SCOTT COUNTY, VIRGINIA",2019,0.14,0.61,0.17,0.23,0.2,2.84,1515000,0.49,R,0
"SHENANDOAH COUNTY, VIRGINIA",2019,0.1,0.49,0.25,0.26,0.13,3.21,2259000,0.46,R,0
"SMYTH COUNTY, VIRGINIA",2019,0.15,0.58,0.24,0.18,0.22,3.01,2389000,0.45,R,0
"SOUTHAMPTON COUNTY, VIRGINIA",2019,0.1,0.53,0.12,0.36,0.15,3.02,919000,0.57,R,0
"SPOTSYLVANIA COUNTY, VIRGINIA",2019,0.08,0.43,0.16,0.4,0.11,3.15,5276000,0.4,R,0
"STAFFORD COUNTY, VIRGINIA",2019,0.06,0.32,0.21,0.47,0.07,3.29,4475000,0.44,R,0
"STAUNTON CITY, VIRGINIA",2019,0.12,0.51,0.14,0.35,0.16,2.94,1454000,0.41,D,0
"SUFFOLK CITY, VIRGINIA",2019,0.1,0.52,0.1,0.39,0.13,3.05,4526000,0.44,D,0
"SURRY COUNTY, VIRGINIA",2019,0.11,0.62,0.08,0.3,0.17,3.06,388000,0.58,D,0
"SUSSEX COUNTY, VIRGINIA",2019,0.15,0.53,0.03,0.44,0.21,3.1,871000,0.52,D,0
"TAZEWELL COUNTY, VIRGINIA",2019,0.14,0.55,0.2,0.25,0.21,2.78,2703000,0.39,R,0
"VIRGINIA BEACH CITY, VIRGINIA",2019,0.08,0.41,0.16,0.44,0.11,3.27,20347000,0.41,D,0
"WARREN COUNTY, VIRGINIA",2019,0.09,0.43,0.17,0.41,0.14,3.07,1868000,0.45,R,0
"WASHINGTON COUNTY, VIRGINIA",2019,0.13,0.52,0.19,0.3,0.19,3.26,3738000,0.49,R,0
"WAYNESBORO CITY, VIRGINIA",2019,0.13,0.59,0.18,0.23,0.18,2.88,1365000,0.38,R,0
"WESTMORELAND COUNTY, VIRGINIA",2019,0.11,0.47,0.32,0.21,0.13,3.33,1048000,0.43,R,0
"WILLIAMSBURG CITY, VIRGINIA",2019,0.12,0.52,0.04,0.44,0.13,3.31,985000,0.44,D,0
"WINCHESTER CITY, VIRGINIA",2019,0.12,0.55,0.19,0.26,0.15,3.41,1874000,0.39,D,0
"WISE COUNTY, VIRGINIA",2019,0.17,0.62,0.15,0.22,0.25,3.01,3443000,0.34,R,0
"WYTHE COUNTY, VIRGINIA",2019,0.12,0.56,0.19,0.26,0.19,3.01,1811000,0.46,R,0
"YORK COUNTY, VIRGINIA",2019,0.07,0.32,0.17,0.52,0.09,3.32,2669000,0.47,R,0
"ACCOMACK COUNTY, VIRGINIA",2018,0.14,0.63,0.24,0.13,0.18,2.88,2278000,0.54,R,0
"ALBEMARLE COUNTY, VIRGINIA",2018,0.09,0.42,0.12,0.46,0.12,3.34,5421000,0.69,D,0
"ALEXANDRIA CITY, VIRGINIA",2018,0.1,0.48,0.12,0.4,0.12,3.56,9424000,0.62,D,0
"ALLEGHANY COUNTY, VIRGINIA",2018,0.12,0.62,0.1,0.28,0.18,3.03,963000,0.53,R,0
"AMELIA COUNTY, VIRGINIA",2018,0.11,0.53,0.2,0.27,0.15,3.09,749000,0.63,R,0
"AMHERST COUNTY, VIRGINIA",2018,0.11,0.54,0.16,0.31,0.16,2.88,1782000,0.59,R,0
"APPOMATTOX COUNTY, VIRGINIA",2018,0.12,0.63,0.06,0.31,0.16,2.94,894000,0.61,R,0
"ARLINGTON COUNTY, VIRGINIA",2018,0.07,0.46,0.07,0.47,0.09,4.22,12020000,0.63,D,0
"AUGUSTA COUNTY, VIRGINIA",2018,0.08,0.46,0.17,0.37,0.13,3.15,3091000,0.61,R,0
"BATH COUNTY, VIRGINIA",2018,0.08,0.57,0.34,0.08,0.11,3.08,200000,0.55,R,0
"BEDFORD COUNTY, VIRGINIA",2018,0.08,0.48,0.15,0.37,0.13,3.18,3436000,0.63,R,0
"BLAND COUNTY, VIRGINIA",2018,0.09,0.39,0.16,0.45,0.15,2.88,270000,0.54,R,0
"BOTETOURT COUNTY, VIRGINIA",2018,0.07,0.44,0.21,0.35,0.12,3.28,1287000,0.64,R,0
"BRISTOL CITY, VIRGINIA",2018,0.15,0.69,0.14,0.17,0.21,2.95,1250000,0.48,R,0
"BRUNSWICK COUNTY, VIRGINIA",2018,0.18,0.55,0.14,0.31,0.21,2.86,1471000,0.57,D,0
"BUCHANAN COUNTY, VIRGINIA",2018,0.15,0.69,0.11,0.19,0.25,2.83,1651000,0.4,R,0
"BUCKINGHAM COUNTY, VIRGINIA",2018,0.15,0.51,0.15,0.35,0.17,3.23,1383000,0.6,R,0
"BUENA VISTA CITY, VIRGINIA",2018,0.13,0.76,0.21,0.03,0.2,2.99,439000,0.45,R,0
"CAMPBELL COUNTY, VIRGINIA",2018,0.11,0.55,0.19,0.26,0.14,2.9,2922000,0.58,R,0
"CAROLINE COUNTY, VIRGINIA",2018,0.11,0.45,0.15,0.4,0.15,3.21,1853000,0.56,D,0
"CARROLL COUNTY, VIRGINIA",2018,0.1,0.61,0.16,0.22,0.16,3.17,1604000,0.55,R,0
"CHARLES CITY COUNTY, VIRGINIA",2018,0.14,0.48,0.19,0.33,0.16,3.1,523000,0.61,D,0
"CHARLOTTE COUNTY, VIRGINIA",2018,0.16,0.64,0.17,0.19,0.19,2.89,950000,0.58,R,0
"CHARLOTTESVILLE CITY, VIRGINIA",2018,0.16,0.64,0.06,0.3,0.15,4.34,5446000,0.61,D,0
"CHESAPEAKE CITY, VIRGINIA",2018,0.11,0.42,0.11,0.47,0.13,2.95,13009000,0.57,D,0
"CHESTERFIELD COUNTY, VIRGINIA",2018,0.09,0.4,0.15,0.45,0.11,3.11,15319000,0.64,D,0
"CLARKE COUNTY, VIRGINIA",2018,0.08,0.55,0.07,0.39,0.14,3.38,652000,0.65,R,0
"COLONIAL HEIGHTS CITY, VIRGINIA",2018,0.11,0.58,0.23,0.2,0.16,3.03,1040000,0.52,R,0
"COVINGTON CITY, VIRGINIA",2018,0.14,0.62,0.17,0.22,0.21,2.81,384000,0.49,R,0
"CRAIG COUNTY, VIRGINIA",2018,0.09,0.49,0.08,0.43,0.13,3.08,237000,0.57,R,0
"CULPEPER COUNTY, VIRGINIA",2018,0.08,0.49,0.2,0.31,0.12,2.9,2076000,0.61,R,0
"CUMBERLAND COUNTY, VIRGINIA",2018,0.16,0.63,0.04,0.33,0.22,3.07,822000,0.61,R,0
"DANVILLE CITY, VIRGINIA",2018,0.2,0.61,0.22,0.17,0.2,2.61,3716000,0.54,D,0
"DICKENSON COUNTY, VIRGINIA",2018,0.14,0.71,0.15,0.14,0.23,2.93,1069000,0.45,R,0
"DINWIDDIE COUNTY, VIRGINIA",2018,0.13,0.54,0.12,0.34,0.16,3.01,1879000,0.55,R,0
"EMPORIA CITY, VIRGINIA",2018,0.24,0.82,0.1,0.09,0.25,2.81,643000,0.47,D,0
"ESSEX COUNTY, VIRGINIA",2018,0.14,0.5,0.2,0.3,0.14,3.13,829000,0.58,D,0
"FAIRFAX CITY, VIRGINIA",2018,0.05,0.59,0.09,0.32,0.09,3.04,586000,0.64,D,0
"FAIRFAX COUNTY, VIRGINIA",2018,0.05,0.48,0.15,0.37,0.1,3.75,36081000,0.64,D,0
"FALLS CHURCH CITY, VIRGINIA",2018,0.05,0.25,0.14,0.61,0.08,3.77,438000,0.69,D,0
"FAUQUIER COUNTY, VIRGINIA",2018,0.06,0.43,0.07,0.5,0.11,3.64,2506000,0.64,R,0
"FLOYD COUNTY, VIRGINIA",2018,0.09,0.59,0.3,0.11,0.13,3.01,683000,0.62,R,0
"FLUVANNA COUNTY, VIRGINIA",2018,0.08,0.42,0.07,0.51,0.11,3.51,1198000,0.65,D,0
"FRANKLIN CITY, VIRGINIA",2018,0.2,0.61,0.26,0.13,0.17,3.06,878000,0.53,D,0
"FRANKLIN COUNTY, VIRGINIA",2018,0.1,0.57,0.16,0.27,0.16,2.92,2829000,0.61,R,0
"FREDERICK COUNTY, VIRGINIA",2018,0.06,0.43,0.18,0.39,0.1,3.08,2608000,0.58,R,0
"FREDERICKSBURG CITY, VIRGINIA",2018,0.15,0.5,0.07,0.43,0.15,3.76,2697000,0.55,D,0
"GALAX CITY, VIRGINIA",2018,0.12,0.66,0.23,0.12,0.18,2.87,411000,0.49,R,0
"GILES COUNTY, VIRGINIA",2018,0.1,0.52,0.16,0.32,0.15,3.12,852000,0.59,R,0
"GLOUCESTER COUNTY, VIRGINIA",2018,0.08,0.45,0.12,0.43,0.13,2.76,1420000,0.57,R,0
"GOOCHLAND COUNTY, VIRGINIA",2018,0.07,0.35,0.15,0.5,0.11,3.4,889000,0.73,R,0
"GRAYSON COUNTY, VIRGINIA",2018,0.12,0.67,0.17,0.16,0.21,2.97,934000,0.56,R,0
"GREENE COUNTY, VIRGINIA",2018,0.07,0.67,0.21,0.12,0.12,3.35,807000,0.61,R,0
"GREENSVILLE COUNTY, VIRGINIA",2018,0.17,0.52,0.14,0.34,0.16,2.84,946000,0.56,D,0
"HALIFAX COUNTY, VIRGINIA",2018,0.16,0.65,0.13,0.23,0.18,2.78,2624000,0.57,R,0
"HAMPTON CITY, VIRGINIA",2018,0.17,0.5,0.15,0.36,0.16,2.93,11544000,0.53,D,0
"HANOVER COUNTY, VIRGINIA",2018,0.07,0.34,0.12,0.55,0.11,3.14,3645000,0.69,R,0
"HARRISONBURG CITY, VIRGINIA",2018,0.15,0.65,0.08,0.27,0.15,3.15,4392000,0.53,D,0
"HENRICO COUNTY, VIRGINIA",2018,0.12,0.41,0.13,0.45,0.13,3.11,20457000,0.65,D,0
"HENRY COUNTY, VIRGINIA",2018,0.14,0.68,0.22,0.11,0.19,2.72,3346000,0.53,R,0
"HIGHLAND COUNTY, VIRGINIA",2018,0.08,0.6,0.13,0.27,0.14,3.02,88000,0.67,R,0
"HOPEWELL CITY, VIRGINIA",2018,0.19,0.62,0.19,0.19,0.2,3.35,2364000,0.48,D,0
"ISLE OF WIGHT COUNTY, VIRGINIA",2018,0.1,0.44,0.13,0.43,0.14,3.3,2100000,0.59,R,0
"JAMES CITY COUNTY, VIRGINIA",2018,0.08,0.39,0.12,0.49,0.12,3.86,3833000,0.67,D,0
"KING AND QUEEN COUNTY, VIRGINIA",2018,0.12,0.56,0.31,0.13,0.19,3.13,454000,0.59,R,0
"KING GEORGE COUNTY, VIRGINIA",2018,0.08,0.43,0.09,0.48,0.12,3.3,1164000,0.58,R,0
"KING WILLIAM COUNTY, VIRGINIA",2018,0.09,0.41,0.16,0.43,0.16,3.12,815000,0.61,R,0
"LANCASTER COUNTY, VIRGINIA",2018,0.13,0.49,0.25,0.26,0.14,3.26,768000,0.67,R,0
"LEE COUNTY, VIRGINIA",2018,0.14,0.69,0.08,0.23,0.22,2.85,1717000,0.46,R,0
"LEXINGTON CITY, VIRGINIA",2018,0.14,0.34,0.06,0.61,0.16,3.04,529000,0.53,D,0
"LOUDOUN COUNTY, VIRGINIA",2018,0.03,0.44,0.16,0.39,0.08,3.66,7854000,0.66,D,0
"LOUISA COUNTY, VIRGINIA",2018,0.1,0.55,0.17,0.28,0.14,3.11,1833000,0.63,R,0
"LUNENBURG COUNTY, VIRGINIA",2018,0.15,0.66,0.19,0.16,0.18,2.87,877000,0.57,R,0
"LYNCHBURG CITY, VIRGINIA",2018,0.17,0.56,0.13,0.3,0.19,2.92,6859000,0.51,D,0
"MADISON COUNTY, VIRGINIA",2018,0.09,0.63,0.17,0.2,0.12,3.01,607000,0.65,R,0
"MANASSAS CITY, VIRGINIA",2018,0.05,0.62,0.3,0.08,0.11,3.04,1078000,0.59,D,0
"MANASSAS PARK CITY, VIRGINIA",2018,0.05,0.93,0.07,0,0.11,3.2,398000,0.55,D,0
"MARTINSVILLE CITY, VIRGINIA",2018,0.2,0.64,0.11,0.25,0.21,2.76,1269000,0.53,D,0
"MATHEWS COUNTY, VIRGINIA",2018,0.09,0.48,0.13,0.39,0.16,3.09,400000,0.64,R,0
"MECKLENBURG COUNTY, VIRGINIA",2018,0.15,0.56,0.2,0.24,0.17,2.94,2363000,0.55,R,0
"MIDDLESEX COUNTY, VIRGINIA",2018,0.1,0.52,0.22,0.26,0.14,3.19,593000,0.65,R,0
"MONTGOMERY COUNTY, VIRGINIA",2018,0.14,0.58,0.04,0.38,0.14,3.44,7886000,0.57,D,0
"NELSON COUNTY, VIRGINIA",2018,0.11,0.6,0.11,0.29,0.16,3.19,870000,0.67,D,0
"NEW KENT COUNTY, VIRGINIA",2018,0.07,0.32,0.03,0.65,0.11,3.31,801000,0.67,R,0
"NEWPORT NEWS CITY, VIRGINIA",2018,0.16,0.52,0.16,0.32,0.17,2.9,14601000,0.49,D,0
"NORFOLK CITY, VIRGINIA",2018,0.18,0.56,0.12,0.32,0.18,3.15,24194000,0.52,D,0
"NORTHAMPTON COUNTY, VIRGINIA",2018,0.16,0.64,0.1,0.26,0.2,3.05,1000000,0.57,D,0
"NORTHUMBERLAND COUNTY, VIRGINIA",2018,0.12,0.51,0.14,0.35,0.18,3.19,828000,0.66,R,0
"NORTON CITY, VIRGINIA",2018,0.17,0.64,0.11,0.26,0.22,2.86,327000,0.47,R,0
"NOTTOWAY COUNTY, VIRGINIA",2018,0.17,0.64,0.16,0.2,0.16,2.88,1310000,0.58,R,0
"ORANGE COUNTY, VIRGINIA",2018,0.09,0.5,0.16,0.34,0.14,3.22,1672000,0.61,R,0
"PAGE COUNTY, VIRGINIA",2018,0.12,0.59,0.14,0.27,0.19,3.03,1438000,0.53,R,0
"PATRICK COUNTY, VIRGINIA",2018,0.12,0.69,0.11,0.2,0.22,2.95,1076000,0.56,R,0
"PETERSBURG CITY, VIRGINIA",2018,0.26,0.67,0.2,0.13,0.23,2.84,4014000,0.46,D,0
"PITTSYLVANIA COUNTY, VIRGINIA",2018,0.12,0.58,0.22,0.2,0.17,3.13,4094000,0.59,R,0
"POQUOSON CITY, VIRGINIA",2018,0.06,0.37,0.08,0.55,0.11,2.98,346000,0.67,R,0
"PORTSMOUTH CITY, VIRGINIA",2018,0.19,0.53,0.17,0.3,0.19,2.81,8506000,0.53,D,0
"POWHATAN COUNTY, VIRGINIA",2018,0.06,0.31,0.15,0.54,0.11,3.1,930000,0.7,R,0
"PRINCE EDWARD COUNTY, VIRGINIA",2018,0.16,0.5,0.2,0.3,0.15,2.83,1765000,0.54,D,0
"PRINCE GEORGE COUNTY, VIRGINIA",2018,0.12,0.38,0.13,0.49,0.15,3.16,2506000,0.56,R,0
"PRINCE WILLIAM COUNTY, VIRGINIA",2018,0.06,0.49,0.17,0.34,0.1,3.22,14471000,0.58,D,0
"PULASKI COUNTY, VIRGINIA",2018,0.11,0.54,0.14,0.32,0.18,2.89,1877000,0.55,R,0
"RADFORD CITY, VIRGINIA",2018,0.2,0.68,0.15,0.18,0.17,3.21,1864000,0.5,D,0
"RAPPAHANNOCK COUNTY, VIRGINIA",2018,0.08,0.39,0.2,0.42,0.12,3.14,316000,0.67,R,0
"RICHMOND CITY, VIRGINIA",2018,0.2,0.66,0.11,0.23,0.2,3.07,23498000,0.58,D,0
"RICHMOND COUNTY, VIRGINIA",2018,0.13,0.58,0.09,0.33,0.17,3.09,613000,0.57,R,0
"ROANOKE CITY, VIRGINIA",2018,0.16,0.63,0.18,0.19,0.19,2.8,7804000,0.51,D,0
"ROANOKE COUNTY, VIRGINIA",2018,0.08,0.42,0.13,0.46,0.12,3.21,4073000,0.61,R,0
"ROCKBRIDGE COUNTY, VIRGINIA",2018,0.1,0.61,0.12,0.27,0.17,2.91,1124000,0.64,R,0
"ROCKINGHAM COUNTY, VIRGINIA",2018,0.08,0.52,0.16,0.32,0.13,2.88,3023000,0.63,R,0
"RUSSELL COUNTY, VIRGINIA",2018,0.11,0.71,0.06,0.22,0.18,2.92,1568000,0.49,R,0
"SALEM CITY, VIRGINIA",2018,0.1,0.4,0.18,0.42,0.14,3.09,1287000,0.58,R,0
"SCOTT COUNTY, VIRGINIA",2018,0.11,0.66,0.12,0.21,0.17,2.75,1124000,0.51,R,0
"SHENANDOAH COUNTY, VIRGINIA",2018,0.08,0.56,0.25,0.19,0.13,3.12,1880000,0.58,R,0
"SMYTH COUNTY, VIRGINIA",2018,0.12,0.61,0.2,0.19,0.18,2.89,1851000,0.51,R,0
"SOUTHAMPTON COUNTY, VIRGINIA",2018,0.13,0.48,0.15,0.37,0.14,3.05,1214000,0.57,R,0
"SPOTSYLVANIA COUNTY, VIRGINIA",2018,0.08,0.45,0.14,0.42,0.12,3.01,5138000,0.57,R,0
"STAFFORD COUNTY, VIRGINIA",2018,0.06,0.33,0.21,0.47,0.1,3.15,4738000,0.59,D,0
"STAUNTON CITY, VIRGINIA",2018,0.12,0.53,0.13,0.34,0.15,3.16,1582000,0.59,D,0
"SUFFOLK CITY, VIRGINIA",2018,0.13,0.44,0.14,0.43,0.14,3.18,6401000,0.57,D,0
"SURRY COUNTY, VIRGINIA",2018,0.15,0.51,0.2,0.29,0.15,3,502000,0.64,D,0
"SUSSEX COUNTY, VIRGINIA",2018,0.18,0.39,0.07,0.54,0.18,3.02,1087000,0.56,D,0
"TAZEWELL COUNTY, VIRGINIA",2018,0.12,0.59,0.15,0.26,0.18,2.82,2364000,0.49,R,0
"VIRGINIA BEACH CITY, VIRGINIA",2018,0.1,0.4,0.17,0.43,0.12,3.16,23524000,0.56,D,0
"WARREN COUNTY, VIRGINIA",2018,0.08,0.49,0.14,0.37,0.14,2.93,1570000,0.54,R,0
"WASHINGTON COUNTY, VIRGINIA",2018,0.1,0.58,0.15,0.26,0.16,3.01,2799000,0.57,R,0
"WAYNESBORO CITY, VIRGINIA",2018,0.13,0.58,0.22,0.2,0.17,2.76,1302000,0.58,D,0
"WESTMORELAND COUNTY, VIRGINIA",2018,0.11,0.4,0.33,0.26,0.11,3.2,1042000,0.57,D,0
"WILLIAMSBURG CITY, VIRGINIA",2018,0.15,0.43,0.07,0.5,0.14,3.22,1229000,0.58,D,0
"WINCHESTER CITY, VIRGINIA",2018,0.11,0.56,0.24,0.2,0.14,3.41,1700000,0.56,D,0
"WISE COUNTY, VIRGINIA",2018,0.14,0.63,0.11,0.25,0.2,2.89,2717000,0.47,R,0
"WYTHE COUNTY, VIRGINIA",2018,0.11,0.59,0.19,0.23,0.17,2.97,1607000,0.56,R,0
"YORK COUNTY, VIRGINIA",2018,0.07,0.31,0.18,0.5,0.11,3.25,2749000,0.63,R,0
"ACCOMACK COUNTY, VIRGINIA",2017,0.14,0.65,0.23,0.13,0.18,2.96,2358000,0.46,R,0
"ALBEMARLE COUNTY, VIRGINIA",2017,0.09,0.45,0.11,0.44,0.12,3.19,5060000,0.56,D,0
"ALEXANDRIA CITY, VIRGINIA",2017,0.1,0.47,0.14,0.39,0.11,3.75,9698000,0.52,D,0
"ALLEGHANY COUNTY, VIRGINIA",2017,0.11,0.65,0.1,0.25,0.18,3.08,954000,0.44,R,0
"AMELIA COUNTY, VIRGINIA",2017,0.11,0.5,0.22,0.28,0.16,3.14,735000,0.51,R,0
"AMHERST COUNTY, VIRGINIA",2017,0.12,0.57,0.18,0.25,0.16,2.96,1874000,0.47,R,0
"APPOMATTOX COUNTY, VIRGINIA",2017,0.13,0.64,0.08,0.29,0.17,3,983000,0.48,R,0
"ARLINGTON COUNTY, VIRGINIA",2017,0.08,0.49,0.07,0.45,0.08,4.1,11935000,0.52,D,0
"AUGUSTA COUNTY, VIRGINIA",2017,0.08,0.53,0.17,0.31,0.14,3.13,3015000,0.5,R,0
"BATH COUNTY, VIRGINIA",2017,0.09,0.69,0.17,0.14,0.12,3.13,209000,0.47,R,0
"BEDFORD COUNTY, VIRGINIA",2017,0.08,0.52,0.15,0.34,0.13,3.24,3451000,0.5,R,0
"BLAND COUNTY, VIRGINIA",2017,0.09,0.43,0.17,0.4,0.16,2.94,291000,0.47,R,0
"BOTETOURT COUNTY, VIRGINIA",2017,0.07,0.49,0.19,0.32,0.13,3.28,1263000,0.53,R,0
"BRISTOL CITY, VIRGINIA",2017,0.14,0.76,0.18,0.06,0.22,2.95,1228000,0.4,R,0
"BRUNSWICK COUNTY, VIRGINIA",2017,0.2,0.52,0.16,0.33,0.2,2.84,1578000,0.45,D,0
"BUCHANAN COUNTY, VIRGINIA",2017,0.16,0.69,0.14,0.18,0.26,2.81,1753000,0.3,R,0
"BUCKINGHAM COUNTY, VIRGINIA",2017,0.15,0.53,0.15,0.32,0.18,3.12,1367000,0.46,R,0
"BUENA VISTA CITY, VIRGINIA",2017,0.15,0.83,0.16,0.01,0.23,3.08,532000,0.43,R,0
"CAMPBELL COUNTY, VIRGINIA",2017,0.11,0.57,0.2,0.24,0.15,2.93,2968000,0.48,R,0
"CAROLINE COUNTY, VIRGINIA",2017,0.12,0.48,0.17,0.36,0.16,3.15,1921000,0.42,R,0
"CARROLL COUNTY, VIRGINIA",2017,0.1,0.72,0.14,0.14,0.17,2.89,1476000,0.44,R,0
"CHARLES CITY COUNTY, VIRGINIA",2017,0.15,0.48,0.19,0.34,0.17,3.17,568000,0.5,D,0
"CHARLOTTE COUNTY, VIRGINIA",2017,0.17,0.72,0.19,0.1,0.21,2.93,1055000,0.5,R,0
"CHARLOTTESVILLE CITY, VIRGINIA",2017,0.17,0.66,0.05,0.29,0.15,4.34,5638000,0.52,D,0
"CHESAPEAKE CITY, VIRGINIA",2017,0.11,0.41,0.13,0.46,0.13,3.13,14251000,0.47,D,0
"CHESTERFIELD COUNTY, VIRGINIA",2017,0.09,0.4,0.16,0.44,0.11,3.17,15733000,0.51,D,0
"CLARKE COUNTY, VIRGINIA",2017,0.08,0.65,0.35,0,0.14,3.32,658000,0.52,R,0
"COLONIAL HEIGHTS CITY, VIRGINIA",2017,0.12,0.59,0.16,0.26,0.17,3.09,1060000,0.43,R,0
"COVINGTON CITY, VIRGINIA",2017,0.14,0.62,0.15,0.23,0.2,2.87,397000,0.38,R,0
"CRAIG COUNTY, VIRGINIA",2017,0.1,0.65,0.25,0.1,0.15,3.13,273000,0.48,R,0
"CULPEPER COUNTY, VIRGINIA",2017,0.09,0.53,0.2,0.27,0.12,2.92,2099000,0.44,R,0
"CUMBERLAND COUNTY, VIRGINIA",2017,0.17,0.67,0.07,0.26,0.22,3.11,876000,0.47,R,0
"DANVILLE CITY, VIRGINIA",2017,0.2,0.62,0.2,0.18,0.2,2.65,3924000,0.4,D,0
"DICKENSON COUNTY, VIRGINIA",2017,0.15,0.68,0.15,0.17,0.24,2.95,1130000,0.34,R,0
"DINWIDDIE COUNTY, VIRGINIA",2017,0.14,0.52,0.11,0.36,0.16,2.92,1943000,0.44,R,0
"EMPORIA CITY, VIRGINIA",2017,0.27,0.8,0.14,0.06,0.25,2.81,711000,0.45,D,0
"ESSEX COUNTY, VIRGINIA",2017,0.15,0.51,0.22,0.27,0.15,3.14,912000,0.5,R,0
"FAIRFAX CITY, VIRGINIA",2017,0.04,0.63,0.09,0.29,0.07,3.09,517000,0.53,D,0
"FAIRFAX COUNTY, VIRGINIA",2017,0.05,0.49,0.15,0.36,0.09,3.75,36364000,0.51,D,0
"FALLS CHURCH CITY, VIRGINIA",2017,0.05,0.26,0.12,0.62,0.06,3.77,438000,0.6,D,0
"FAUQUIER COUNTY, VIRGINIA",2017,0.06,0.45,0.13,0.43,0.1,3.61,2484000,0.49,R,0
"FLOYD COUNTY, VIRGINIA",2017,0.09,0.61,0.26,0.13,0.13,3.05,687000,0.51,R,0
"FLUVANNA COUNTY, VIRGINIA",2017,0.08,0.42,0.1,0.48,0.11,3.5,1243000,0.52,R,0
"FRANKLIN CITY, VIRGINIA",2017,0.21,0.59,0.26,0.15,0.17,3.03,905000,0.46,D,0
"FRANKLIN COUNTY, VIRGINIA",2017,0.1,0.59,0.22,0.2,0.17,2.97,2844000,0.5,R,0
"FREDERICK COUNTY, VIRGINIA",2017,0.06,0.51,0.23,0.27,0.11,3.01,2454000,0.43,R,0
"FREDERICKSBURG CITY, VIRGINIA",2017,0.15,0.53,0.08,0.38,0.15,3.73,2724000,0.42,D,0
"GALAX CITY, VIRGINIA",2017,0.13,0.75,0.16,0.09,0.2,2.98,443000,0.37,R,0
"GILES COUNTY, VIRGINIA",2017,0.1,0.54,0.14,0.32,0.15,3.19,883000,0.52,R,0
"GLOUCESTER COUNTY, VIRGINIA",2017,0.08,0.44,0.15,0.41,0.12,3.19,1581000,0.47,R,0
"GOOCHLAND COUNTY, VIRGINIA",2017,0.07,0.3,0.18,0.52,0.11,3.39,916000,0.61,R,0
"GRAYSON COUNTY, VIRGINIA",2017,0.11,0.75,0.17,0.09,0.21,2.98,882000,0.45,R,0
"GREENE COUNTY, VIRGINIA",2017,0.08,0.71,0.16,0.13,0.12,3.32,855000,0.49,R,0
"GREENSVILLE COUNTY, VIRGINIA",2017,0.18,0.48,0.16,0.36,0.17,2.82,998000,0.46,D,0
"HALIFAX COUNTY, VIRGINIA",2017,0.16,0.64,0.16,0.19,0.18,2.88,2853000,0.44,R,0
"HAMPTON CITY, VIRGINIA",2017,0.18,0.49,0.17,0.34,0.17,3.1,12904000,0.44,D,0
"HANOVER COUNTY, VIRGINIA",2017,0.07,0.38,0.13,0.49,0.11,3.1,3685000,0.56,R,0
"HARRISONBURG CITY, VIRGINIA",2017,0.16,0.7,0.06,0.24,0.17,3.12,4470000,0.4,D,0
"HENRICO COUNTY, VIRGINIA",2017,0.12,0.42,0.15,0.43,0.13,3.18,21349000,0.53,D,0
"HENRY COUNTY, VIRGINIA",2017,0.14,0.68,0.22,0.1,0.2,2.8,3477000,0.41,R,0
"HIGHLAND COUNTY, VIRGINIA",2017,0.08,0.79,0.02,0.19,0.18,3.05,89000,0.59,R,0
"HOPEWELL CITY, VIRGINIA",2017,0.19,0.6,0.21,0.19,0.2,3.29,2332000,0.39,D,0
"ISLE OF WIGHT COUNTY, VIRGINIA",2017,0.11,0.44,0.12,0.44,0.14,3.22,2131000,0.51,R,0
"JAMES CITY COUNTY, VIRGINIA",2017,0.08,0.43,0.11,0.46,0.12,3.93,3911000,0.57,R,0
"KING AND QUEEN COUNTY, VIRGINIA",2017,0.12,0.52,0.33,0.15,0.19,3.2,471000,0.5,R,0
"KING GEORGE COUNTY, VIRGINIA",2017,0.09,0.37,0.11,0.52,0.11,3.27,1203000,0.44,R,0
"KING WILLIAM COUNTY, VIRGINIA",2017,0.1,0.46,0.17,0.37,0.16,3.19,884000,0.5,R,0
"LANCASTER COUNTY, VIRGINIA",2017,0.12,0.47,0.24,0.29,0.13,3.25,761000,0.56,R,0
"LEE COUNTY, VIRGINIA",2017,0.15,0.72,0.09,0.19,0.24,2.85,1800000,0.45,R,0
"LEXINGTON CITY, VIRGINIA",2017,0.14,0.33,0.08,0.59,0.15,3.12,529000,0.45,D,0
"LOUDOUN COUNTY, VIRGINIA",2017,0.04,0.43,0.16,0.41,0.08,3.59,8205000,0.49,D,0
"LOUISA COUNTY, VIRGINIA",2017,0.1,0.56,0.17,0.27,0.15,3.19,1909000,0.5,R,0
"LUNENBURG COUNTY, VIRGINIA",2017,0.15,0.65,0.2,0.15,0.18,2.88,934000,0.47,R,0
"LYNCHBURG CITY, VIRGINIA",2017,0.18,0.57,0.12,0.31,0.2,2.98,7278000,0.41,R,0
"MADISON COUNTY, VIRGINIA",2017,0.1,0.71,0.17,0.13,0.15,3.03,641000,0.54,R,0
"MANASSAS CITY, VIRGINIA",2017,0.05,0.7,0.3,0,0.11,3.02,975000,0.43,D,0
"MANASSAS PARK CITY, VIRGINIA",2017,0.04,1,0,0,0.1,3.19,321000,0.4,D,0
"MARTINSVILLE CITY, VIRGINIA",2017,0.21,0.63,0.16,0.21,0.21,2.79,1352000,0.44,D,0
"MATHEWS COUNTY, VIRGINIA",2017,0.08,0.53,0.1,0.38,0.14,3.21,406000,0.57,R,0
"MECKLENBURG COUNTY, VIRGINIA",2017,0.16,0.55,0.23,0.22,0.17,2.91,2448000,0.4,R,0
"MIDDLESEX COUNTY, VIRGINIA",2017,0.1,0.48,0.22,0.3,0.15,3.31,623000,0.56,R,0
"MONTGOMERY COUNTY, VIRGINIA",2017,0.14,0.63,0.04,0.33,0.15,3.46,8065000,0.47,D,0
"NELSON COUNTY, VIRGINIA",2017,0.11,0.67,0.12,0.21,0.15,3.18,854000,0.57,R,0
"NEW KENT COUNTY, VIRGINIA",2017,0.07,0.35,0.04,0.61,0.11,3.31,775000,0.56,R,0
"NEWPORT NEWS CITY, VIRGINIA",2017,0.17,0.51,0.18,0.31,0.17,3.01,15565000,0.41,D,0
"NORFOLK CITY, VIRGINIA",2017,0.19,0.56,0.14,0.3,0.19,3.13,24892000,0.43,D,0
"NORTHAMPTON COUNTY, VIRGINIA",2017,0.16,0.67,0.13,0.2,0.2,3.17,1068000,0.5,D,0
"NORTHUMBERLAND COUNTY, VIRGINIA",2017,0.12,0.47,0.21,0.32,0.15,3.17,785000,0.57,R,0
"NORTON CITY, VIRGINIA",2017,0.18,0.68,0.1,0.22,0.24,2.86,342000,0.37,R,0
"NOTTOWAY COUNTY, VIRGINIA",2017,0.17,0.61,0.12,0.27,0.16,2.88,1306000,0.46,R,0
"ORANGE COUNTY, VIRGINIA",2017,0.09,0.49,0.12,0.39,0.14,3.21,1649000,0.46,R,0
"PAGE COUNTY, VIRGINIA",2017,0.11,0.63,0.17,0.2,0.18,3,1362000,0.44,R,0
"PATRICK COUNTY, VIRGINIA",2017,0.12,0.76,0.07,0.17,0.23,2.98,1141000,0.48,R,0
"PETERSBURG CITY, VIRGINIA",2017,0.28,0.65,0.21,0.14,0.24,2.96,4439000,0.38,D,0
"PITTSYLVANIA COUNTY, VIRGINIA",2017,0.12,0.6,0.2,0.2,0.17,3.06,4038000,0.45,R,0
"POQUOSON CITY, VIRGINIA",2017,0.05,0.38,0.11,0.51,0.1,3.1,334000,0.54,R,0
"PORTSMOUTH CITY, VIRGINIA",2017,0.2,0.53,0.17,0.31,0.19,2.8,9003000,0.47,D,0
"POWHATAN COUNTY, VIRGINIA",2017,0.07,0.31,0.17,0.52,0.11,3.17,996000,0.55,R,0
"PRINCE EDWARD COUNTY, VIRGINIA",2017,0.16,0.49,0.21,0.3,0.16,2.92,1822000,0.43,D,0
"PRINCE GEORGE COUNTY, VIRGINIA",2017,0.12,0.33,0.2,0.47,0.14,3.03,2331000,0.46,R,0
"PRINCE WILLIAM COUNTY, VIRGINIA",2017,0.06,0.5,0.18,0.32,0.1,3.21,14512000,0.52,D,0
"PULASKI COUNTY, VIRGINIA",2017,0.11,0.56,0.18,0.27,0.18,3,1951000,0.55,R,0
"RADFORD CITY, VIRGINIA",2017,0.21,0.71,0.29,0,0.18,3.27,1992000,0.41,D,0
"RAPPAHANNOCK COUNTY, VIRGINIA",2017,0.08,0.48,0.18,0.34,0.13,3.12,314000,0.58,R,0
"RICHMOND CITY, VIRGINIA",2017,0.21,0.64,0.13,0.23,0.2,3.26,25368000,0.49,D,0
"RICHMOND COUNTY, VIRGINIA",2017,0.13,0.62,0.11,0.28,0.17,3.13,604000,0.5,R,0
"ROANOKE CITY, VIRGINIA",2017,0.17,0.64,0.18,0.19,0.2,2.82,7970000,0.4,D,0
"ROANOKE COUNTY, VIRGINIA",2017,0.08,0.45,0.17,0.38,0.12,3.29,4087000,0.5,R,0
"ROCKBRIDGE COUNTY, VIRGINIA",2017,0.1,0.65,0.12,0.22,0.18,3.08,1141000,0.56,R,0
"ROCKINGHAM COUNTY, VIRGINIA",2017,0.08,0.58,0.19,0.23,0.14,2.99,3127000,0.52,R,0
"RUSSELL COUNTY, VIRGINIA",2017,0.11,0.76,0.06,0.18,0.19,2.95,1601000,0.37,R,0
"SALEM CITY, VIRGINIA",2017,0.1,0.47,0.17,0.37,0.14,3.19,1312000,0.49,R,0
"SCOTT COUNTY, VIRGINIA",2017,0.11,0.74,0.08,0.18,0.19,2.67,1157000,0.42,R,0
"SHENANDOAH COUNTY, VIRGINIA",2017,0.08,0.61,0.29,0.1,0.15,3.1,1814000,0.51,R,0
"SMYTH COUNTY, VIRGINIA",2017,0.12,0.68,0.16,0.16,0.19,2.89,1855000,0.42,R,0
"SOUTHAMPTON COUNTY, VIRGINIA",2017,0.15,0.53,0.13,0.34,0.15,3.06,1385000,0.51,R,0
"SPOTSYLVANIA COUNTY, VIRGINIA",2017,0.08,0.47,0.12,0.41,0.12,2.95,5209000,0.42,R,0
"STAFFORD COUNTY, VIRGINIA",2017,0.07,0.32,0.22,0.45,0.1,3.14,5011000,0.45,R,0
"STAUNTON CITY, VIRGINIA",2017,0.13,0.6,0.09,0.31,0.18,3.23,1697000,0.48,D,0
"SUFFOLK CITY, VIRGINIA",2017,0.14,0.42,0.16,0.42,0.14,3.21,6749000,0.47,D,0
"SURRY COUNTY, VIRGINIA",2017,0.15,0.45,0.23,0.32,0.15,3.1,519000,0.55,D,0
"SUSSEX COUNTY, VIRGINIA",2017,0.2,0.34,0.08,0.58,0.18,3.04,1190000,0.47,D,0
"TAZEWELL COUNTY, VIRGINIA",2017,0.13,0.64,0.15,0.21,0.2,2.84,2669000,0.37,R,0
"VIRGINIA BEACH CITY, VIRGINIA",2017,0.1,0.41,0.19,0.4,0.13,3.41,26014000,0.43,D,0
"WARREN COUNTY, VIRGINIA",2017,0.08,0.5,0.15,0.35,0.14,2.88,1568000,0.41,R,0
"WASHINGTON COUNTY, VIRGINIA",2017,0.1,0.63,0.13,0.25,0.16,2.98,2691000,0.46,R,0
"WAYNESBORO CITY, VIRGINIA",2017,0.12,0.59,0.23,0.18,0.17,2.84,1255000,0.46,R,0
"WESTMORELAND COUNTY, VIRGINIA",2017,0.11,0.49,0.31,0.2,0.13,3.16,1060000,0.44,R,0
"WILLIAMSBURG CITY, VIRGINIA",2017,0.16,0.44,0.06,0.5,0.15,3.37,1361000,0.5,D,0
"WINCHESTER CITY, VIRGINIA",2017,0.11,0.71,0.23,0.06,0.15,3.49,1772000,0.42,D,0
"WISE COUNTY, VIRGINIA",2017,0.15,0.65,0.09,0.25,0.22,2.95,3010000,0.38,R,0
"WYTHE COUNTY, VIRGINIA",2017,0.12,0.64,0.18,0.18,0.18,3.04,1739000,0.47,R,0
"YORK COUNTY, VIRGINIA",2017,0.08,0.33,0.16,0.51,0.11,3.33,2980000,0.51,R,0
"ACCOMACK COUNTY, VIRGINIA",2016,0.14,0.64,0.26,0.11,0.19,2.92,2457000,0.65,R,0
"ALBEMARLE COUNTY, VIRGINIA",2016,0.1,0.47,0.13,0.4,0.13,3.1,5512000,0.74,D,0
"ALEXANDRIA CITY, VIRGINIA",2016,0.1,0.42,0.16,0.42,0.11,4,10843000,0.72,D,0
"ALLEGHANY COUNTY, VIRGINIA",2016,0.11,0.67,0.14,0.19,0.19,3.07,985000,0.7,R,0
"AMELIA COUNTY, VIRGINIA",2016,0.11,0.52,0.25,0.23,0.15,3.12,817000,0.77,R,0
"AMHERST COUNTY, VIRGINIA",2016,0.12,0.56,0.24,0.2,0.16,2.92,1988000,0.72,R,0
"APPOMATTOX COUNTY, VIRGINIA",2016,0.13,0.62,0.14,0.24,0.18,3,1045000,0.76,R,0
"ARLINGTON COUNTY, VIRGINIA",2016,0.08,0.48,0.09,0.43,0.1,3.82,12334000,0.72,D,0
"AUGUSTA COUNTY, VIRGINIA",2016,0.08,0.52,0.22,0.26,0.15,3.01,3314000,0.76,R,0
"BATH COUNTY, VIRGINIA",2016,0.09,0.79,0.21,0,0.13,3.04,224000,0.69,R,0
"BEDFORD COUNTY, VIRGINIA",2016,0.09,0.52,0.17,0.31,0.15,3.17,3808000,0.76,R,0
"BLAND COUNTY, VIRGINIA",2016,0.1,0.44,0.23,0.33,0.17,2.85,337000,0.68,R,0
"BOTETOURT COUNTY, VIRGINIA",2016,0.07,0.52,0.19,0.29,0.14,3.16,1370000,0.77,R,0
"BRISTOL CITY, VIRGINIA",2016,0.15,0.75,0.23,0.02,0.22,2.87,1325000,0.6,R,0
"BRUNSWICK COUNTY, VIRGINIA",2016,0.2,0.48,0.19,0.33,0.2,2.81,1697000,0.7,D,0
"BUCHANAN COUNTY, VIRGINIA",2016,0.16,0.74,0.15,0.11,0.28,2.62,1796000,0.59,R,0
"BUCKINGHAM COUNTY, VIRGINIA",2016,0.16,0.48,0.19,0.34,0.2,3.04,1457000,0.71,R,0
"BUENA VISTA CITY, VIRGINIA",2016,0.16,0.86,0.15,0,0.25,3.04,567000,0.58,R,0
"CAMPBELL COUNTY, VIRGINIA",2016,0.11,0.57,0.22,0.21,0.17,2.91,3277000,0.73,R,0
"CAROLINE COUNTY, VIRGINIA",2016,0.12,0.48,0.19,0.34,0.16,3.09,1985000,0.73,R,0
"CARROLL COUNTY, VIRGINIA",2016,0.11,0.79,0.2,0.02,0.19,2.9,1644000,0.71,R,0
"CHARLES CITY COUNTY, VIRGINIA",2016,0.15,0.43,0.28,0.29,0.16,3.15,604000,0.75,D,0
"CHARLOTTE COUNTY, VIRGINIA",2016,0.17,0.64,0.28,0.09,0.2,2.94,1090000,0.7,R,0
"CHARLOTTESVILLE CITY, VIRGINIA",2016,0.17,0.68,0.06,0.26,0.16,3.64,4977000,0.63,D,0
"CHESAPEAKE CITY, VIRGINIA",2016,0.12,0.4,0.16,0.44,0.14,3.03,14805000,0.77,R,0
"CHESTERFIELD COUNTY, VIRGINIA",2016,0.09,0.38,0.19,0.43,0.12,3.16,17033000,0.75,R,0
"CLARKE COUNTY, VIRGINIA",2016,0.09,0.64,0.02,0.34,0.15,3.26,707000,0.77,R,0
"COLONIAL HEIGHTS CITY, VIRGINIA",2016,0.11,0.56,0.19,0.25,0.16,3.04,1090000,0.68,R,0
"COVINGTON CITY, VIRGINIA",2016,0.15,0.68,0.16,0.16,0.23,2.85,449000,0.64,R,0
"CRAIG COUNTY, VIRGINIA",2016,0.1,0.62,0.26,0.12,0.16,3.11,279000,0.72,R,0
"CULPEPER COUNTY, VIRGINIA",2016,0.09,0.51,0.22,0.27,0.13,2.89,2274000,0.71,R,0
"CUMBERLAND COUNTY, VIRGINIA",2016,0.17,0.68,0.15,0.17,0.22,3.06,906000,0.71,R,0
"DANVILLE CITY, VIRGINIA",2016,0.22,0.6,0.27,0.13,0.21,2.61,4259000,0.68,D,0
"DICKENSON COUNTY, VIRGINIA",2016,0.15,0.72,0.16,0.13,0.26,2.82,1144000,0.6,R,0
"DINWIDDIE COUNTY, VIRGINIA",2016,0.14,0.48,0.16,0.36,0.16,2.87,2003000,0.71,R,0
"EMPORIA CITY, VIRGINIA",2016,0.26,0.7,0.17,0.13,0.26,2.81,740000,0.61,D,0
"ESSEX COUNTY, VIRGINIA",2016,0.16,0.51,0.29,0.2,0.15,3.08,968000,0.72,R,0
"FAIRFAX CITY, VIRGINIA",2016,0.05,0.61,0.1,0.29,0.09,3.04,604000,0.76,D,0
"FAIRFAX COUNTY, VIRGINIA",2016,0.05,0.5,0.16,0.34,0.1,3.55,38145000,0.74,D,0
"FALLS CHURCH CITY, VIRGINIA",2016,0.05,0.32,0.08,0.61,0.09,3.6,445000,0.77,D,0
"FAUQUIER COUNTY, VIRGINIA",2016,0.06,0.45,0.16,0.39,0.11,3.53,2660000,0.77,R,0
"FLOYD COUNTY, VIRGINIA",2016,0.08,0.57,0.33,0.11,0.13,3.04,714000,0.75,R,0
"FLUVANNA COUNTY, VIRGINIA",2016,0.08,0.41,0.12,0.47,0.12,3.37,1292000,0.76,R,0
"FRANKLIN CITY, VIRGINIA",2016,0.23,0.57,0.28,0.15,0.2,2.95,1021000,0.7,D,0
"FRANKLIN COUNTY, VIRGINIA",2016,0.11,0.61,0.24,0.16,0.19,2.95,3157000,0.74,R,0
"FREDERICK COUNTY, VIRGINIA",2016,0.07,0.51,0.25,0.24,0.12,2.98,2845000,0.73,R,0
"FREDERICKSBURG CITY, VIRGINIA",2016,0.16,0.53,0.18,0.29,0.16,3.59,2821000,0.65,D,0
"GALAX CITY, VIRGINIA",2016,0.13,0.81,0.13,0.06,0.24,2.98,475000,0.63,R,0
"GILES COUNTY, VIRGINIA",2016,0.1,0.57,0.22,0.22,0.15,3.14,917000,0.72,R,0
"GLOUCESTER COUNTY, VIRGINIA",2016,0.08,0.43,0.25,0.32,0.13,3.12,1703000,0.74,R,0
"GOOCHLAND COUNTY, VIRGINIA",2016,0.08,0.31,0.18,0.5,0.12,3.32,1012000,0.82,R,0
"GRAYSON COUNTY, VIRGINIA",2016,0.13,0.8,0.2,0,0.24,2.92,1036000,0.69,R,0
"GREENE COUNTY, VIRGINIA",2016,0.08,0.62,0.23,0.15,0.13,3.14,873000,0.74,R,0
"GREENSVILLE COUNTY, VIRGINIA",2016,0.19,0.37,0.19,0.44,0.17,2.79,1097000,0.69,D,0
"HALIFAX COUNTY, VIRGINIA",2016,0.17,0.64,0.24,0.12,0.18,2.88,3087000,0.7,R,0
"HAMPTON CITY, VIRGINIA",2016,0.18,0.45,0.24,0.31,0.17,2.99,13269000,0.66,D,0
"HANOVER COUNTY, VIRGINIA",2016,0.07,0.37,0.16,0.47,0.12,3.05,4098000,0.81,R,0
"HARRISONBURG CITY, VIRGINIA",2016,0.16,0.75,0.06,0.19,0.17,3.04,4603000,0.64,D,0
"HENRICO COUNTY, VIRGINIA",2016,0.13,0.41,0.18,0.41,0.14,3.06,22343000,0.74,D,0
"HENRY COUNTY, VIRGINIA",2016,0.14,0.66,0.3,0.05,0.2,2.79,3717000,0.68,R,0
"HIGHLAND COUNTY, VIRGINIA",2016,0.09,0.8,0.1,0.1,0.18,2.98,102000,0.8,R,0
"HOPEWELL CITY, VIRGINIA",2016,0.19,0.56,0.26,0.18,0.2,3.08,2309000,0.62,D,0
"ISLE OF WIGHT COUNTY, VIRGINIA",2016,0.11,0.45,0.16,0.4,0.16,3.07,2231000,0.76,R,0
"JAMES CITY COUNTY, VIRGINIA",2016,0.09,0.41,0.13,0.46,0.13,3.79,4191000,0.77,R,0
"KING AND QUEEN COUNTY, VIRGINIA",2016,0.13,0.53,0.38,0.09,0.19,3.19,508000,0.76,R,0
"KING GEORGE COUNTY, VIRGINIA",2016,0.09,0.3,0.23,0.47,0.12,3.2,1318000,0.74,R,0
"KING WILLIAM COUNTY, VIRGINIA",2016,0.11,0.47,0.19,0.34,0.17,3.18,974000,0.78,R,0
"LANCASTER COUNTY, VIRGINIA",2016,0.14,0.49,0.19,0.33,0.14,3.18,860000,0.77,R,0
"LEE COUNTY, VIRGINIA",2016,0.15,0.78,0.13,0.1,0.26,2.7,1794000,0.6,R,0
"LEXINGTON CITY, VIRGINIA",2016,0.16,0.39,0.06,0.56,0.17,3.07,616000,0.58,D,0
"LOUDOUN COUNTY, VIRGINIA",2016,0.04,0.42,0.16,0.42,0.09,3.47,8820000,0.64,D,0
"LOUISA COUNTY, VIRGINIA",2016,0.1,0.53,0.24,0.24,0.14,3.15,1924000,0.75,R,0
"LUNENBURG COUNTY, VIRGINIA",2016,0.16,0.56,0.28,0.17,0.18,2.84,997000,0.71,R,0
"LYNCHBURG CITY, VIRGINIA",2016,0.19,0.58,0.15,0.27,0.2,3.05,7969000,0.63,R,0
"MADISON COUNTY, VIRGINIA",2016,0.1,0.72,0.18,0.1,0.16,2.99,724000,0.77,R,0
"MANASSAS CITY, VIRGINIA",2016,0.05,0.67,0.22,0.11,0.11,3.05,1120000,0.67,D,0
"MANASSAS PARK CITY, VIRGINIA",2016,0.04,1,0,0,0.1,3.11,318000,0.69,D,0
"MARTINSVILLE CITY, VIRGINIA",2016,0.22,0.61,0.22,0.17,0.2,2.77,1478000,0.66,D,0
"MATHEWS COUNTY, VIRGINIA",2016,0.08,0.51,0.07,0.42,0.14,3.28,430000,0.76,R,0
"MECKLENBURG COUNTY, VIRGINIA",2016,0.16,0.56,0.28,0.16,0.19,2.84,2629000,0.68,R,0
"MIDDLESEX COUNTY, VIRGINIA",2016,0.1,0.5,0.26,0.25,0.15,3.35,637000,0.77,R,0
"MONTGOMERY COUNTY, VIRGINIA",2016,0.15,0.7,0.06,0.24,0.16,3.4,8547000,0.7,D,0
"NELSON COUNTY, VIRGINIA",2016,0.11,0.66,0.17,0.18,0.15,3.08,922000,0.74,R,0
"NEW KENT COUNTY, VIRGINIA",2016,0.08,0.39,0.03,0.58,0.13,3.13,853000,0.82,R,0
"NEWPORT NEWS CITY, VIRGINIA",2016,0.17,0.49,0.23,0.28,0.17,2.9,15900000,0.67,D,0
"NORFOLK CITY, VIRGINIA",2016,0.19,0.53,0.2,0.27,0.19,3.07,26109000,0.68,D,0
"NORTHAMPTON COUNTY, VIRGINIA",2016,0.17,0.66,0.19,0.15,0.21,3.09,1120000,0.67,D,0
"NORTHUMBERLAND COUNTY, VIRGINIA",2016,0.13,0.43,0.28,0.29,0.15,3.2,888000,0.77,R,0
"NORTON CITY, VIRGINIA",2016,0.17,0.69,0.17,0.14,0.26,2.8,336000,0.61,R,0
"NOTTOWAY COUNTY, VIRGINIA",2016,0.18,0.61,0.21,0.18,0.18,2.86,1426000,0.71,R,0
"ORANGE COUNTY, VIRGINIA",2016,0.1,0.54,0.14,0.32,0.18,3.11,1957000,0.72,R,0
"PAGE COUNTY, VIRGINIA",2016,0.12,0.67,0.2,0.13,0.2,3,1583000,0.68,R,0
"PATRICK COUNTY, VIRGINIA",2016,0.13,0.79,0.15,0.06,0.22,2.96,1220000,0.69,R,0
"PETERSBURG CITY, VIRGINIA",2016,0.28,0.58,0.29,0.13,0.24,2.98,4771000,0.62,D,0
"PITTSYLVANIA COUNTY, VIRGINIA",2016,0.13,0.59,0.25,0.16,0.19,2.97,4372000,0.72,R,0
"POQUOSON CITY, VIRGINIA",2016,0.06,0.33,0.14,0.54,0.12,3,371000,0.8,R,0
"PORTSMOUTH CITY, VIRGINIA",2016,0.2,0.48,0.24,0.28,0.19,2.93,9994000,0.67,D,0
"POWHATAN COUNTY, VIRGINIA",2016,0.07,0.3,0.15,0.55,0.11,3.11,1089000,0.81,R,0
"PRINCE EDWARD COUNTY, VIRGINIA",2016,0.17,0.47,0.22,0.31,0.17,2.92,2089000,0.68,D,0
"PRINCE GEORGE COUNTY, VIRGINIA",2016,0.12,0.32,0.2,0.48,0.15,2.91,2403000,0.7,R,0
"PRINCE WILLIAM COUNTY, VIRGINIA",2016,0.06,0.47,0.2,0.34,0.1,3.12,14737000,0.72,D,0
"PULASKI COUNTY, VIRGINIA",2016,0.11,0.59,0.18,0.23,0.17,2.97,2048000,0.69,R,0
"RADFORD CITY, VIRGINIA",2016,0.21,0.73,0.05,0.22,0.17,3.23,2034000,0.66,D,0
"RAPPAHANNOCK COUNTY, VIRGINIA",2016,0.09,0.49,0.23,0.28,0.17,3.17,363000,0.78,R,0
"RICHMOND CITY, VIRGINIA",2016,0.21,0.6,0.19,0.21,0.2,3.69,30115000,0.7,D,0
"RICHMOND COUNTY, VIRGINIA",2016,0.12,0.46,0.22,0.33,0.14,3.07,578000,0.72,R,0
"ROANOKE CITY, VIRGINIA",2016,0.17,0.61,0.24,0.15,0.2,2.93,8660000,0.63,D,0
"ROANOKE COUNTY, VIRGINIA",2016,0.09,0.45,0.15,0.4,0.14,3.23,4598000,0.75,R,0
"ROCKBRIDGE COUNTY, VIRGINIA",2016,0.1,0.64,0.23,0.13,0.18,3.08,1293000,0.74,R,0
"ROCKINGHAM COUNTY, VIRGINIA",2016,0.08,0.6,0.23,0.17,0.16,2.94,3346000,0.76,R,0
"RUSSELL COUNTY, VIRGINIA",2016,0.13,0.81,0.07,0.12,0.21,2.85,1805000,0.66,R,0
"SALEM CITY, VIRGINIA",2016,0.11,0.5,0.2,0.3,0.16,3.12,1487000,0.72,R,0
"SCOTT COUNTY, VIRGINIA",2016,0.12,0.79,0.12,0.09,0.21,2.63,1230000,0.64,R,0
"SHENANDOAH COUNTY, VIRGINIA",2016,0.09,0.64,0.28,0.08,0.17,3.07,2068000,0.66,R,0
"SMYTH COUNTY, VIRGINIA",2016,0.13,0.73,0.15,0.12,0.23,2.82,2061000,0.66,R,0
"SOUTHAMPTON COUNTY, VIRGINIA",2016,0.15,0.49,0.19,0.32,0.17,3.01,1483000,0.71,R,0
"SPOTSYLVANIA COUNTY, VIRGINIA",2016,0.09,0.46,0.15,0.39,0.13,2.87,5572000,0.71,R,0
"STAFFORD COUNTY, VIRGINIA",2016,0.07,0.33,0.21,0.46,0.11,3.07,5332000,0.73,R,0
"STAUNTON CITY, VIRGINIA",2016,0.14,0.6,0.12,0.29,0.2,3.17,1924000,0.69,D,0
"SUFFOLK CITY, VIRGINIA",2016,0.14,0.4,0.21,0.39,0.14,3.14,6964000,0.73,D,0
"SURRY COUNTY, VIRGINIA",2016,0.15,0.47,0.28,0.25,0.14,3.03,542000,0.77,D,0
"SUSSEX COUNTY, VIRGINIA",2016,0.2,0.33,0.12,0.55,0.18,3.01,1288000,0.71,D,0
"TAZEWELL COUNTY, VIRGINIA",2016,0.13,0.67,0.22,0.11,0.21,2.69,2727000,0.66,R,0
"VIRGINIA BEACH CITY, VIRGINIA",2016,0.11,0.39,0.21,0.4,0.13,3.23,27360000,0.66,R,0
"WARREN COUNTY, VIRGINIA",2016,0.09,0.5,0.16,0.34,0.15,3.32,1990000,0.71,R,0
"WASHINGTON COUNTY, VIRGINIA",2016,0.1,0.66,0.2,0.14,0.17,2.81,2720000,0.7,R,0
"WAYNESBORO CITY, VIRGINIA",2016,0.13,0.63,0.23,0.14,0.19,2.82,1429000,0.7,R,0
"WESTMORELAND COUNTY, VIRGINIA",2016,0.13,0.54,0.29,0.17,0.14,3.19,1265000,0.62,R,0
"WILLIAMSBURG CITY, VIRGINIA",2016,0.16,0.43,0.09,0.48,0.18,3.44,1494000,0.64,D,0
"WINCHESTER CITY, VIRGINIA",2016,0.12,0.73,0.21,0.06,0.16,3.27,1889000,0.68,D,0
"WISE COUNTY, VIRGINIA",2016,0.15,0.7,0.09,0.21,0.24,2.88,3167000,0.64,R,0
"WYTHE COUNTY, VIRGINIA",2016,0.12,0.66,0.18,0.16,0.18,3.09,1886000,0.7,R,0
"YORK COUNTY, VIRGINIA",2016,0.08,0.33,0.18,0.5,0.13,3.31,3305000,0.77,R,0
